{
  "info": {
    "name": "PRR Flask API",
    "schema": "https://schema.getpostman.com/json/collection/v2.1.0/collection.json"
  },
  "item": [
    {
      "name": "Health",
      "request": {
        "method": "GET",
        "url": {
          "raw": "{{base_url}}/v1/ingest/health",
          "host": [
            "{{base_url}}"
          ],
          "path": [
            "v1",
            "ingest",
            "health"
          ]
        }
      }
    },
    {
      "name": "Promotion Score",
      "request": {
        "method": "POST",
        "header": [
          {
            "key": "Content-Type",
            "value": "application/json"
          }
        ],
        "body": {
          "mode": "raw",
          "raw": "{\n  \"employee_id\": 1,\n  \"as_of\": \"2014-12-31\"\n}"
        },
        "url": {
          "raw": "{{base_url}}/v1/promotion/score",
          "host": [
            "{{base_url}}"
          ],
          "path": [
            "v1",
            "promotion",
            "score"
          ]
        }
      }
    },
    {
      "name": "Plan Recommend",
      "request": {
        "method": "POST",
        "header": [
          {
            "key": "Content-Type",
            "value": "application/json"
          }
        ],
        "body": {
          "mode": "raw",
          "raw": "{\n  \"employee_id\": 1,\n  \"as_of\": \"2014-12-31\"\n}"
        },
        "url": {
          "raw": "{{base_url}}/v1/plan/recommend",
          "host": [
            "{{base_url}}"
          ],
          "path": [
            "v1",
            "plan",
            "recommend"
          ]
        }
      }
    }
  ],
  "variable": [
    {
      "key": "base_url",
      "value": "http://127.0.0.1:5000"
    }
  ]
}